Algo,Role,Feature,Mean,Odds_Ratio,n_features
LiNGAM,Root,cn_001,0.957,2.6038731248931537,8
PC,Root,ag_009,0.427,1.5326526617240188,8
LiNGAM,Root,ay_000,0.195,1.215310986489731,8
LiNGAM,Root,ai_000,0.971,2.640583723225504,12
PC,Root,ag_009,0.461,1.5856588512805472,12
LiNGAM,Root,dg_000,0.284,1.328432930752795,12
PC,Root,dg_000,0.261,1.29822766543369,12
PC,Root,ay_000,0.247,1.28017911277827,12
LiNGAM,Root,ay_000,0.232,1.2611197288283291,12
PC,Root,br_000,0.113,1.119631932948586,12
