Algo,Role,Feature,Mean,Odds_Ratio
LiNGAM,Root,bk_000,1.383,3.9868442373350366
LiNGAM,Root,ay_000,0.239,1.2699785365838365
LiNGAM,Root,dg_000,0.198,1.2189623938216427
PC,Root,br_000,0.127,1.1354170177814864
PC,Root,ay_000,0.25,1.2840254166877414
PC,Root,dg_000,0.222,1.2485713778642835
